{
    "time_domain": {
        "mean_nni": 919.1898419969348,
        "sdnn": 217.7704971976737,
        "sdsd": 145.93179178746846,
        "nni_50": 161,
        "pnni_50": 42.705570291777185,
        "nni_20": 247,
        "pnni_20": 65.51724137931035,
        "rmssd": 145.9320834779956,
        "median_nni": 890.0,
        "range_nni": 1580.0,
        "cvsd": 0.15876163640033158,
        "cvnni": 0.23691569167536547,
        "mean_hr": 68.52894532340812,
        "max_hr": 176.47058823529412,
        "min_hr": 31.25,
        "std_hr": 15.851371961937984
    },
    "frequency_domain": {
        "lf": 32617.996296018973,
        "hf": 4599.147525295294,
        "lf_hf_ratio": 7.092183087543967,
        "lfnu": 87.64239526983432,
        "hfnu": 12.357604730165676,
        "total_power": 57359.0740209679,
        "vlf": 20141.93019965363
    },
    "poincare_plot": {
        "sd1": 103.326488341152,
        "sd2": 290.1234490807832,
        "ratio_sd2_sd1": 2.807832277459054
    }
}