{
    "time_domain": {
        "mean_nni": 763.1646410916436,
        "sdnn": 211.24476108181983,
        "sdsd": 150.96391559249085,
        "nni_50": 226,
        "pnni_50": 50.672645739910315,
        "nni_20": 323,
        "pnni_20": 72.42152466367713,
        "rmssd": 150.98205378566558,
        "median_nni": 700.0,
        "range_nni": 1853.75,
        "cvsd": 0.19783680434892567,
        "cvnni": 0.2768010331029642,
        "mean_hr": 82.34026367106566,
        "max_hr": 193.5483870967742,
        "min_hr": -417.39130434782606,
        "std_hr": 31.70638627718595
    },
    "frequency_domain": {
        "lf": 24034.978135448106,
        "hf": 6575.560098886295,
        "lf_hf_ratio": 3.6551986103083323,
        "lfnu": 78.51863940271785,
        "hfnu": 21.481360597282144,
        "total_power": 51011.67996954772,
        "vlf": 20401.14173521332
    },
    "poincare_plot": {
        "sd1": 106.86748225593684,
        "sd2": 278.9767721608867,
        "ratio_sd2_sd1": 2.610492605157156
    }
}