{
    "time_domain": {
        "mean_nni": 960.2113228426381,
        "sdnn": 362.0634719765599,
        "sdsd": 251.61003091705274,
        "nni_50": 328,
        "pnni_50": 77.90973871733966,
        "nni_20": 369,
        "pnni_20": 87.64845605700712,
        "rmssd": 251.61003540179874,
        "median_nni": 911.6791044776119,
        "range_nni": 1600.0,
        "cvsd": 0.26203610540326155,
        "cvnni": 0.37706644710738935,
        "mean_hr": 73.15756288896515,
        "max_hr": 200.0,
        "min_hr": 31.57894736842105,
        "std_hr": 31.50088204821842
    },
    "frequency_domain": {
        "lf": 63680.07844615807,
        "hf": 15840.748124624859,
        "lf_hf_ratio": 4.020017106841419,
        "lfnu": 80.0797491578829,
        "hfnu": 19.920250842117092,
        "total_power": 105846.72378879358,
        "vlf": 26325.897218010647
    },
    "poincare_plot": {
        "sd1": 178.12683691300722,
        "sd2": 480.0528569343269,
        "ratio_sd2_sd1": 2.6950057905579548
    }
}