{
    "time_domain": {
        "mean_nni": 802.6834035729253,
        "sdnn": 312.6962854312316,
        "sdsd": 209.05667118305948,
        "nni_50": 272,
        "pnni_50": 74.72527472527473,
        "nni_20": 315,
        "pnni_20": 86.53846153846153,
        "rmssd": 209.0581818043879,
        "median_nni": 770.0,
        "range_nni": 1570.0,
        "cvsd": 0.2604491146494654,
        "cvnni": 0.38956366113881236,
        "mean_hr": 87.26715599320613,
        "max_hr": 193.5483870967742,
        "min_hr": 31.914893617021278,
        "std_hr": 36.16922476988202
    },
    "frequency_domain": {
        "lf": 48941.81711898808,
        "hf": 14788.951042840996,
        "lf_hf_ratio": 3.3093501342463183,
        "lfnu": 76.79464492678326,
        "hfnu": 23.205355073216726,
        "total_power": 86495.12585292928,
        "vlf": 22764.357691100202
    },
    "poincare_plot": {
        "sd1": 148.02886604653935,
        "sd2": 416.70779769756683,
        "ratio_sd2_sd1": 2.8150441790627276
    }
}