{
    "time_domain": {
        "mean_nni": 808.3727141115513,
        "sdnn": 71.99432680395607,
        "sdsd": 51.346025777192125,
        "nni_50": 91,
        "pnni_50": 23.39331619537275,
        "nni_20": 210,
        "pnni_20": 53.98457583547558,
        "rmssd": 51.346257444892764,
        "median_nni": 820.0,
        "range_nni": 780.0,
        "cvsd": 0.06351804872746762,
        "cvnni": 0.08906080765366015,
        "mean_hr": 74.94079939212757,
        "max_hr": 166.66666666666666,
        "min_hr": 52.63157894736842,
        "std_hr": 8.569369288485579
    },
    "frequency_domain": {
        "lf": 1217.5645927320252,
        "hf": 806.3758328297231,
        "lf_hf_ratio": 1.5099219782658466,
        "lfnu": 60.158124090736905,
        "hfnu": 39.841875909263095,
        "total_power": 2889.4876818498064,
        "vlf": 865.5472562880583
    },
    "poincare_plot": {
        "sd1": 36.35388043587116,
        "sd2": 95.10395134359055,
        "ratio_sd2_sd1": 2.61606051962886
    }
}