{
    "time_domain": {
        "mean_nni": 878.0225288982857,
        "sdnn": 226.96543125732043,
        "sdsd": 190.5246648342999,
        "nni_50": 233,
        "pnni_50": 52.359550561797754,
        "nni_20": 310,
        "pnni_20": 69.66292134831461,
        "rmssd": 190.52530625564273,
        "median_nni": 870.0,
        "range_nni": 1660.0,
        "cvsd": 0.2169936419452787,
        "cvnni": 0.25849613624619555,
        "mean_hr": 72.60131246173955,
        "max_hr": 176.47058823529412,
        "min_hr": 30.0,
        "std_hr": 18.999751922067713
    },
    "frequency_domain": {
        "lf": 21856.129069654857,
        "hf": 11404.302863991568,
        "lf_hf_ratio": 1.9164809397218245,
        "lfnu": 65.71210233606463,
        "hfnu": 34.287897663935375,
        "total_power": 45675.57417543999,
        "vlf": 12415.14224179357
    },
    "poincare_plot": {
        "sd1": 134.87291031557092,
        "sd2": 291.2660502610128,
        "ratio_sd2_sd1": 2.1595593183206225
    }
}