{
    "time_domain": {
        "mean_nni": 812.3133570770976,
        "sdnn": 283.389040688302,
        "sdsd": 225.483761953529,
        "nni_50": 104,
        "pnni_50": 75.3623188405797,
        "nni_20": 118,
        "pnni_20": 85.5072463768116,
        "rmssd": 225.50839899176006,
        "median_nni": 760.0,
        "range_nni": 1300.0,
        "cvsd": 0.2776125703548622,
        "cvnni": 0.3488666512982196,
        "mean_hr": 83.76444542710539,
        "max_hr": 200.0,
        "min_hr": 37.5,
        "std_hr": 31.56865094433373
    },
    "frequency_domain": {
        "lf": 58279.585163986245,
        "hf": 17660.036098243454,
        "lf_hf_ratio": 3.300083014540553,
        "lfnu": 76.7446350077768,
        "hfnu": 23.2553649922232,
        "total_power": 80244.56099034745,
        "vlf": 4304.939728117761
    },
    "poincare_plot": {
        "sd1": 160.02194093232134,
        "sd2": 367.4393489879994,
        "ratio_sd2_sd1": 2.2961810539681045
    }
}