{
    "time_domain": {
        "mean_nni": 756.1149532435959,
        "sdnn": 304.5938638348776,
        "sdsd": 244.90166779111206,
        "nni_50": 335,
        "pnni_50": 76.65903890160183,
        "nni_20": 399,
        "pnni_20": 91.30434782608695,
        "rmssd": 244.9148545658005,
        "median_nni": 704.5518867924528,
        "range_nni": 1900.625,
        "cvsd": 0.3239121955136058,
        "cvnni": 0.40284068252879435,
        "mean_hr": 85.1627857317221,
        "max_hr": 200.0,
        "min_hr": -2909.090909090909,
        "std_hr": 147.66718367141456
    },
    "frequency_domain": {
        "lf": 43601.8246479068,
        "hf": 26253.806144418355,
        "lf_hf_ratio": 1.6607810847714624,
        "lfnu": 62.417050928265624,
        "hfnu": 37.58294907173437,
        "total_power": 92643.58847140828,
        "vlf": 22787.95767908313
    },
    "poincare_plot": {
        "sd1": 173.37010759704978,
        "sd2": 394.33190279700585,
        "ratio_sd2_sd1": 2.274509188824638
    }
}