{
    "time_domain": {
        "mean_nni": 813.3896285488012,
        "sdnn": 299.3308213137401,
        "sdsd": 221.01664601587822,
        "nni_50": 381,
        "pnni_50": 66.49214659685863,
        "nni_20": 480,
        "pnni_20": 83.7696335078534,
        "rmssd": 221.03878370862054,
        "median_nni": 787.5195747217806,
        "range_nni": 2262.5,
        "cvsd": 0.27175018705731974,
        "cvnni": 0.36800422676619005,
        "mean_hr": 84.00447280399793,
        "max_hr": 200.0,
        "min_hr": 23.414634146341463,
        "std_hr": 32.13233958985841
    },
    "frequency_domain": {
        "lf": 40963.84244478992,
        "hf": 15191.568807848402,
        "lf_hf_ratio": 2.6964853309703485,
        "lfnu": 72.9472753044175,
        "hfnu": 27.052724695582498,
        "total_power": 76373.67703688613,
        "vlf": 20218.26578424781
    },
    "poincare_plot": {
        "sd1": 156.4189199602453,
        "sd2": 393.3586183817342,
        "ratio_sd2_sd1": 2.514776463625426
    }
}