{
    "time_domain": {
        "mean_nni": 906.972433444939,
        "sdnn": 184.11636768126922,
        "sdsd": 157.41980497709199,
        "nni_50": 237,
        "pnni_50": 47.023809523809526,
        "nni_20": 365,
        "pnni_20": 72.42063492063492,
        "rmssd": 157.42721843430996,
        "median_nni": 900.0,
        "range_nni": 1570.0,
        "cvsd": 0.17357442478858662,
        "cvnni": 0.20300106253719635,
        "mean_hr": 69.34492591917783,
        "max_hr": 200.0,
        "min_hr": 32.0855614973262,
        "std_hr": 17.910578120790646
    },
    "frequency_domain": {
        "lf": 15892.265012680586,
        "hf": 7374.462184649398,
        "lf_hf_ratio": 2.155040545975238,
        "lfnu": 68.30468624957416,
        "hfnu": 31.695313750425836,
        "total_power": 27621.90551717142,
        "vlf": 4355.17831984144
    },
    "poincare_plot": {
        "sd1": 111.42320537184754,
        "sd2": 235.3349591559905,
        "ratio_sd2_sd1": 2.112082114049923
    }
}