{
    "time_domain": {
        "mean_nni": 958.527253668763,
        "sdnn": 204.3235875239821,
        "sdsd": 143.25704600548465,
        "nni_50": 8,
        "pnni_50": 100.0,
        "nni_20": 8,
        "pnni_20": 100.0,
        "rmssd": 143.45734281915713,
        "median_nni": 990.0,
        "range_nni": 550.0,
        "cvsd": 0.14966433376836616,
        "cvnni": 0.2131640876583671,
        "mean_hr": 65.37856355946688,
        "max_hr": 89.55223880597015,
        "min_hr": 49.18032786885246,
        "std_hr": 13.999138255563372
    },
    "frequency_domain": {
        "lf": 11356.866670177127,
        "hf": 4798.499294722104,
        "lf_hf_ratio": 2.3667538479517143,
        "lfnu": 70.29779885427662,
        "hfnu": 29.70220114572338,
        "total_power": 19579.221763957292,
        "vlf": 3423.8557990580593
    },
    "poincare_plot": {
        "sd1": 108.29214779664326,
        "sd2": 267.8974945066316,
        "ratio_sd2_sd1": 2.473840439564498
    }
}