{
    "time_domain": {
        "mean_nni": 820.2499461997955,
        "sdnn": 291.5242269620471,
        "sdsd": 227.0854690930387,
        "nni_50": 486,
        "pnni_50": 66.30286493860847,
        "nni_20": 606,
        "pnni_20": 82.67394270122783,
        "rmssd": 227.08591536557685,
        "median_nni": 740.0,
        "range_nni": 1640.0,
        "cvsd": 0.2768496559099603,
        "cvnni": 0.35540901686452286,
        "mean_hr": 82.15474567449176,
        "max_hr": 200.0,
        "min_hr": 30.927835051546392,
        "std_hr": 28.278639923123354
    },
    "frequency_domain": {
        "lf": 43049.796507761974,
        "hf": 20025.934408940615,
        "lf_hf_ratio": 2.1497022625092748,
        "lfnu": 68.25096734053429,
        "hfnu": 31.74903265946571,
        "total_power": 85301.95477997701,
        "vlf": 22226.22386327441
    },
    "poincare_plot": {
        "sd1": 160.68331914272795,
        "sd2": 379.6756783900103,
        "ratio_sd2_sd1": 2.3628817254687218
    }
}