{
    "time_domain": {
        "mean_nni": 874.437861899721,
        "sdnn": 253.2569525434361,
        "sdsd": 212.0971521204461,
        "nni_50": 223,
        "pnni_50": 59.946236559139784,
        "nni_20": 288,
        "pnni_20": 77.41935483870968,
        "rmssd": 212.1041296565405,
        "median_nni": 840.0,
        "range_nni": 1670.0,
        "cvsd": 0.24256055106733726,
        "cvnni": 0.2896225833511303,
        "mean_hr": 74.48176643035175,
        "max_hr": 200.0,
        "min_hr": 30.456852791878173,
        "std_hr": 23.52836286463718
    },
    "frequency_domain": {
        "lf": 35050.91864506741,
        "hf": 15386.990274197817,
        "lf_hf_ratio": 2.277958068501785,
        "lfnu": 69.49320341803343,
        "hfnu": 30.506796581966572,
        "total_power": 63729.097550528946,
        "vlf": 13291.188631263723
    },
    "poincare_plot": {
        "sd1": 150.1773216087937,
        "sd2": 325.1537176438022,
        "ratio_sd2_sd1": 2.1651319530842046
    }
}