{
    "time_domain": {
        "mean_nni": 826.8116744941617,
        "sdnn": 231.84874491149864,
        "sdsd": 169.2903799268755,
        "nni_50": 423,
        "pnni_50": 54.37017994858612,
        "nni_20": 591,
        "pnni_20": 75.96401028277634,
        "rmssd": 169.290475565755,
        "median_nni": 760.0,
        "range_nni": 1590.0,
        "cvsd": 0.20475094968793936,
        "cvnni": 0.2804130034246823,
        "mean_hr": 77.41554035763411,
        "max_hr": 193.5483870967742,
        "min_hr": 31.57894736842105,
        "std_hr": 18.993312691210217
    },
    "frequency_domain": {
        "lf": 39008.34240461774,
        "hf": 9061.915455532237,
        "lf_hf_ratio": 4.304646473037156,
        "lfnu": 81.1486023605367,
        "hfnu": 18.851397639463304,
        "total_power": 61734.48596215617,
        "vlf": 13664.22810200619
    },
    "poincare_plot": {
        "sd1": 119.78338199683893,
        "sd2": 305.2206127237702,
        "ratio_sd2_sd1": 2.5481048175098695
    }
}