{
    "time_domain": {
        "mean_nni": 806.8152637150405,
        "sdnn": 266.1610016965255,
        "sdsd": 188.32843934700844,
        "nni_50": 534,
        "pnni_50": 67.59493670886076,
        "nni_20": 675,
        "pnni_20": 85.44303797468355,
        "rmssd": 188.3284397724108,
        "median_nni": 770.0,
        "range_nni": 1520.0,
        "cvsd": 0.23342200902997123,
        "cvnni": 0.3298908853942196,
        "mean_hr": 82.90162996921973,
        "max_hr": 200.0,
        "min_hr": 32.967032967032964,
        "std_hr": 29.442572928137206
    },
    "frequency_domain": {
        "lf": 33219.59051034149,
        "hf": 14108.024486858863,
        "lf_hf_ratio": 2.3546592608543024,
        "lfnu": 70.19071320688055,
        "hfnu": 29.809286793119444,
        "total_power": 65515.014308936676,
        "vlf": 18187.399311736324
    },
    "poincare_plot": {
        "sd1": 133.25268039791476,
        "sd2": 352.03278372186713,
        "ratio_sd2_sd1": 2.641843921417854
    }
}