{
    "time_domain": {
        "mean_nni": 858.1633904736791,
        "sdnn": 205.83337703538734,
        "sdsd": 157.81399092285585,
        "nni_50": 191,
        "pnni_50": 47.98994974874372,
        "nni_20": 281,
        "pnni_20": 70.60301507537689,
        "rmssd": 157.84499406419337,
        "median_nni": 820.0,
        "range_nni": 1645.0735294117646,
        "cvsd": 0.1839334977655804,
        "cvnni": 0.2398533651287243,
        "mean_hr": 73.01463995546715,
        "max_hr": 150.0,
        "min_hr": 29.338798403624207,
        "std_hr": 14.37507477696543
    },
    "frequency_domain": {
        "lf": 25888.321022468976,
        "hf": 8334.306607790251,
        "lf_hf_ratio": 3.1062357363083595,
        "lfnu": 75.64679516186197,
        "hfnu": 24.353204838138023,
        "total_power": 45689.72627550064,
        "vlf": 11467.098645241414
    },
    "poincare_plot": {
        "sd1": 111.73179800898002,
        "sd2": 268.7950213773766,
        "ratio_sd2_sd1": 2.405716422425899
    }
}