{
    "time_domain": {
        "mean_nni": 809.8482916485035,
        "sdnn": 225.94827818757457,
        "sdsd": 161.6192070437035,
        "nni_50": 206,
        "pnni_50": 52.28426395939086,
        "nni_20": 323,
        "pnni_20": 81.97969543147208,
        "rmssd": 161.62076946644822,
        "median_nni": 750.0,
        "range_nni": 1440.0,
        "cvsd": 0.19956919232052428,
        "cvnni": 0.2790007468283237,
        "mean_hr": 79.09475908553121,
        "max_hr": 181.8181818181818,
        "min_hr": 33.898305084745765,
        "std_hr": 19.79717524725805
    },
    "frequency_domain": {
        "lf": 26917.01741624005,
        "hf": 7934.725240486671,
        "lf_hf_ratio": 3.3923061732367072,
        "lfnu": 77.23291681956916,
        "hfnu": 22.76708318043084,
        "total_power": 44858.543054128866,
        "vlf": 10006.800397402141
    },
    "poincare_plot": {
        "sd1": 114.42734189033904,
        "sd2": 298.3481728782173,
        "ratio_sd2_sd1": 2.607315419107944
    }
}