{
    "time_domain": {
        "mean_nni": 878.4545282843167,
        "sdnn": 182.32047027618867,
        "sdsd": 126.62987768569118,
        "nni_50": 355,
        "pnni_50": 62.280701754385966,
        "nni_20": 466,
        "pnni_20": 81.75438596491227,
        "rmssd": 126.63256225869104,
        "median_nni": 910.0,
        "range_nni": 1260.0,
        "cvsd": 0.14415380441605022,
        "cvnni": 0.20754685007119644,
        "mean_hr": 71.75269548719326,
        "max_hr": 153.84615384615384,
        "min_hr": 36.36363636363637,
        "std_hr": 17.713788258474963
    },
    "frequency_domain": {
        "lf": 10869.868084748105,
        "hf": 5726.433472075012,
        "lf_hf_ratio": 1.8981916297037384,
        "lfnu": 65.4957253429711,
        "hfnu": 34.50427465702891,
        "total_power": 24830.91577065062,
        "vlf": 8234.614213827503
    },
    "poincare_plot": {
        "sd1": 89.6194933129242,
        "sd2": 241.7640465036022,
        "ratio_sd2_sd1": 2.69767254384529
    }
}