{
    "time_domain": {
        "mean_nni": 863.822102902387,
        "sdnn": 139.55181202747187,
        "sdsd": 97.60423164511079,
        "nni_50": 187,
        "pnni_50": 28.333333333333332,
        "nni_20": 358,
        "pnni_20": 54.24242424242424,
        "rmssd": 97.60778903077812,
        "median_nni": 880.0,
        "range_nni": 1470.0,
        "cvsd": 0.11299524369985695,
        "cvnni": 0.161551564330881,
        "mean_hr": 71.72981180683938,
        "max_hr": 181.8181818181818,
        "min_hr": 33.333333333333336,
        "std_hr": 15.755086602641082
    },
    "frequency_domain": {
        "lf": 5917.886499069067,
        "hf": 2263.4265582628,
        "lf_hf_ratio": 2.614569700733342,
        "lfnu": 72.33418960500015,
        "hfnu": 27.665810394999856,
        "total_power": 11802.237402418978,
        "vlf": 3620.9243450871113
    },
    "poincare_plot": {
        "sd1": 69.0689588726968,
        "sd2": 184.87535098152864,
        "ratio_sd2_sd1": 2.67667783037353
    }
}