{
    "time_domain": {
        "mean_nni": 892.2612152486495,
        "sdnn": 333.84463385223785,
        "sdsd": 269.8130621022151,
        "nni_50": 316,
        "pnni_50": 79.39698492462311,
        "nni_20": 360,
        "pnni_20": 90.45226130653266,
        "rmssd": 269.81324672822774,
        "median_nni": 870.0,
        "range_nni": 1610.0,
        "cvsd": 0.30239266496979583,
        "cvnni": 0.3741557160020726,
        "mean_hr": 77.64955308273261,
        "max_hr": 193.5483870967742,
        "min_hr": 31.25,
        "std_hr": 30.811117913033204
    },
    "frequency_domain": {
        "lf": 56935.962473934305,
        "hf": 26414.25050772923,
        "lf_hf_ratio": 2.1555017227262963,
        "lfnu": 68.30931852142936,
        "hfnu": 31.69068147857065,
        "total_power": 99782.5506531005,
        "vlf": 16432.337671436962
    },
    "poincare_plot": {
        "sd1": 191.02678019039317,
        "sd2": 431.7560055794948,
        "ratio_sd2_sd1": 2.2601857454183696
    }
}