{
    "time_domain": {
        "mean_nni": 921.1738434783331,
        "sdnn": 246.7426069420483,
        "sdsd": 194.14617476615902,
        "nni_50": 490,
        "pnni_50": 68.53146853146853,
        "nni_20": 641,
        "pnni_20": 89.65034965034965,
        "rmssd": 194.14617476615902,
        "median_nni": 930.0,
        "range_nni": 1670.0,
        "cvsd": 0.21075953919085147,
        "cvnni": 0.2678567229073216,
        "mean_hr": 70.72125595891337,
        "max_hr": 200.0,
        "min_hr": 30.456852791878173,
        "std_hr": 23.569117940951596
    },
    "frequency_domain": {
        "lf": 29301.876242602724,
        "hf": 11389.681077228612,
        "lf_hf_ratio": 2.572668720389894,
        "lfnu": 72.00971939287818,
        "hfnu": 27.990280607121825,
        "total_power": 52539.900075189835,
        "vlf": 11848.342755358499
    },
    "poincare_plot": {
        "sd1": 137.37817898916515,
        "sd2": 320.76636996221595,
        "ratio_sd2_sd1": 2.3349149939417555
    }
}