{
    "time_domain": {
        "mean_nni": 604.8831223708129,
        "sdnn": 160.8457498701608,
        "sdsd": 112.90110835838883,
        "nni_50": 186,
        "pnni_50": 18.34319526627219,
        "nni_20": 303,
        "pnni_20": 29.881656804733726,
        "rmssd": 112.90110878910968,
        "median_nni": 570.0,
        "range_nni": 1640.0,
        "cvsd": 0.18664946105058897,
        "cvnni": 0.2659121141283178,
        "mean_hr": 102.92527999549142,
        "max_hr": 200.0,
        "min_hr": 30.927835051546392,
        "std_hr": 15.32925193425052
    },
    "frequency_domain": {
        "lf": 20580.001883229044,
        "hf": 5542.112722278766,
        "lf_hf_ratio": 3.713385655347534,
        "lfnu": 78.78382816255535,
        "hfnu": 21.216171837444662,
        "total_power": 37615.13889911819,
        "vlf": 11493.024293610379
    },
    "poincare_plot": {
        "sd1": 79.87253391741831,
        "sd2": 212.98612355784948,
        "ratio_sd2_sd1": 2.6665752682650554
    }
}