{
    "time_domain": {
        "mean_nni": 814.6403823491339,
        "sdnn": 285.10879646653126,
        "sdsd": 221.6751257824517,
        "nni_50": 267,
        "pnni_50": 65.76354679802955,
        "nni_20": 332,
        "pnni_20": 81.77339901477832,
        "rmssd": 221.6759583530847,
        "median_nni": 710.0,
        "range_nni": 1510.0,
        "cvsd": 0.2721151113499307,
        "cvnni": 0.3499811728512385,
        "mean_hr": 81.57656324253621,
        "max_hr": 200.0,
        "min_hr": 33.149171270718234,
        "std_hr": 25.059552663865738
    },
    "frequency_domain": {
        "lf": 47569.67618858683,
        "hf": 16194.674355655725,
        "lf_hf_ratio": 2.9373654044469193,
        "lfnu": 74.60230643387618,
        "hfnu": 25.39769356612381,
        "total_power": 80650.56059814563,
        "vlf": 16886.210053903076
    },
    "poincare_plot": {
        "sd1": 156.94138138450583,
        "sd2": 371.4073968761405,
        "ratio_sd2_sd1": 2.3665357957197646
    }
}