{
    "time_domain": {
        "mean_nni": 783.8339325437333,
        "sdnn": 259.5009125067442,
        "sdsd": 181.275410947494,
        "nni_50": 204,
        "pnni_50": 63.94984326018809,
        "nni_20": 264,
        "pnni_20": 82.75862068965517,
        "rmssd": 181.2886919210239,
        "median_nni": 730.0,
        "range_nni": 1380.0,
        "cvsd": 0.2312845672969243,
        "cvnni": 0.3310661885542517,
        "mean_hr": 84.68664295013366,
        "max_hr": 200.0,
        "min_hr": 35.714285714285715,
        "std_hr": 27.855490207700264
    },
    "frequency_domain": {
        "lf": 35101.59951029807,
        "hf": 10309.504562549984,
        "lf_hf_ratio": 3.404780442874738,
        "lfnu": 77.29739284468491,
        "hfnu": 22.702607155315093,
        "total_power": 69281.18493486597,
        "vlf": 23870.08086201792
    },
    "poincare_plot": {
        "sd1": 128.3824567131542,
        "sd2": 343.80138451140783,
        "ratio_sd2_sd1": 2.6779467640159402
    }
}