{
    "time_domain": {
        "mean_nni": 750.1952531338528,
        "sdnn": 178.67119082533577,
        "sdsd": 113.20240988017305,
        "nni_50": 254,
        "pnni_50": 32.94422827496757,
        "nni_20": 532,
        "pnni_20": 69.00129701686122,
        "rmssd": 113.20321903551108,
        "median_nni": 720.0,
        "range_nni": 1640.0,
        "cvsd": 0.1508983408820809,
        "cvnni": 0.2381662508246457,
        "mean_hr": 83.43671889387164,
        "max_hr": 193.5483870967742,
        "min_hr": 30.76923076923077,
        "std_hr": 17.036423460979528
    },
    "frequency_domain": {
        "lf": 19156.08349730443,
        "hf": 4024.185002311448,
        "lf_hf_ratio": 4.7602392748597255,
        "lfnu": 82.6396100529287,
        "hfnu": 17.36038994707129,
        "total_power": 28682.07056757648,
        "vlf": 5501.8020679606025
    },
    "poincare_plot": {
        "sd1": 80.09815285443067,
        "sd2": 239.64781403383458,
        "ratio_sd2_sd1": 2.991926848417683
    }
}