{
    "time_domain": {
        "mean_nni": 846.1921393076196,
        "sdnn": 176.17153519982728,
        "sdsd": 127.58524747122294,
        "nni_50": 236,
        "pnni_50": 29.099876695437732,
        "nni_20": 417,
        "pnni_20": 51.418002466091245,
        "rmssd": 127.58538153459087,
        "median_nni": 830.0,
        "range_nni": 1620.0,
        "cvsd": 0.15077590018619783,
        "cvnni": 0.20819330151657545,
        "mean_hr": 74.04014323902364,
        "max_hr": 187.5,
        "min_hr": 30.927835051546392,
        "std_hr": 17.826609978196824
    },
    "frequency_domain": {
        "lf": 16368.900116645604,
        "hf": 5696.850217384404,
        "lf_hf_ratio": 2.8733246429219026,
        "lfnu": 74.18238613622549,
        "hfnu": 25.81761386377452,
        "total_power": 33181.11132197694,
        "vlf": 11115.360987946931
    },
    "poincare_plot": {
        "sd1": 90.27206562075635,
        "sd2": 232.21493017868127,
        "ratio_sd2_sd1": 2.5723896820334624
    }
}