{
    "time_domain": {
        "mean_nni": 737.1241403099976,
        "sdnn": 124.36595984258199,
        "sdsd": 97.41518484249002,
        "nni_50": 204,
        "pnni_50": 24.199288256227756,
        "nni_20": 404,
        "pnni_20": 47.92408066429419,
        "rmssd": 97.41753140796622,
        "median_nni": 730.0,
        "range_nni": 1230.0,
        "cvsd": 0.13215892151761205,
        "cvnni": 0.1687177953367256,
        "mean_hr": 83.27633128371806,
        "max_hr": 181.8181818181818,
        "min_hr": 38.46153846153846,
        "std_hr": 12.111407667903308
    },
    "frequency_domain": {
        "lf": 8110.1921431746505,
        "hf": 3111.091011522799,
        "lf_hf_ratio": 2.6068643164524206,
        "lfnu": 72.2750868271207,
        "hfnu": 27.7249131728793,
        "total_power": 16008.468683312072,
        "vlf": 4787.185528614622
    },
    "poincare_plot": {
        "sd1": 68.92383001223217,
        "sd2": 161.8125137051469,
        "ratio_sd2_sd1": 2.3477005511218603
    }
}