{
    "time_domain": {
        "mean_nni": 854.8256229007449,
        "sdnn": 300.63819425616487,
        "sdsd": 219.18456947442408,
        "nni_50": 463,
        "pnni_50": 71.45061728395062,
        "nni_20": 567,
        "pnni_20": 87.5,
        "rmssd": 219.1858211484804,
        "median_nni": 800.0,
        "range_nni": 1680.0,
        "cvsd": 0.2564099803240577,
        "cvnni": 0.35169534721711593,
        "mean_hr": 78.88552071229137,
        "max_hr": 200.0,
        "min_hr": 30.303030303030305,
        "std_hr": 27.887480965952538
    },
    "frequency_domain": {
        "lf": 52373.002907190355,
        "hf": 17935.398539597303,
        "lf_hf_ratio": 2.9200913930940877,
        "lfnu": 74.4903906638077,
        "hfnu": 25.509609336192295,
        "total_power": 91768.02780258561,
        "vlf": 21459.626355797947
    },
    "poincare_plot": {
        "sd1": 155.106622651717,
        "sd2": 395.86434962091863,
        "ratio_sd2_sd1": 2.5522079125519306
    }
}