{
    "time_domain": {
        "mean_nni": 785.9469583709827,
        "sdnn": 164.58157406546013,
        "sdsd": 111.12725606746135,
        "nni_50": 168,
        "pnni_50": 41.895261845386536,
        "nni_20": 293,
        "pnni_20": 73.06733167082294,
        "rmssd": 111.12725606746135,
        "median_nni": 760.0,
        "range_nni": 1340.0,
        "cvsd": 0.1413928190495103,
        "cvnni": 0.2094054469102918,
        "mean_hr": 78.97972108725222,
        "max_hr": 171.42857142857142,
        "min_hr": 35.50295857988166,
        "std_hr": 13.74293641041833
    },
    "frequency_domain": {
        "lf": 11005.646149283195,
        "hf": 3290.9802311730846,
        "lf_hf_ratio": 3.344184825248915,
        "lfnu": 76.98072158007913,
        "hfnu": 23.019278419920855,
        "total_power": 23999.473480093857,
        "vlf": 9702.847099637576
    },
    "poincare_plot": {
        "sd1": 78.67699857228233,
        "sd2": 219.0527766073422,
        "ratio_sd2_sd1": 2.7842035230422963
    }
}