{
    "time_domain": {
        "mean_nni": 842.0642209997046,
        "sdnn": 254.75989398834906,
        "sdsd": 185.30149089049638,
        "nni_50": 415,
        "pnni_50": 57.08390646492435,
        "nni_20": 565,
        "pnni_20": 77.71664374140303,
        "rmssd": 185.30204685811466,
        "median_nni": 800.0,
        "range_nni": 1700.0,
        "cvsd": 0.22005690568128256,
        "cvnni": 0.30254211927671776,
        "mean_hr": 77.22203016258884,
        "max_hr": 200.0,
        "min_hr": 30.0,
        "std_hr": 23.026620619541923
    },
    "frequency_domain": {
        "lf": 35195.953255805536,
        "hf": 11605.976388541581,
        "lf_hf_ratio": 3.0325715026056757,
        "lfnu": 75.20192761978696,
        "hfnu": 24.79807238021304,
        "total_power": 65787.38078836876,
        "vlf": 18985.451144021627
    },
    "poincare_plot": {
        "sd1": 131.11814934840888,
        "sd2": 335.5789595331597,
        "ratio_sd2_sd1": 2.559363148433821
    }
}