{
    "time_domain": {
        "mean_nni": 783.3902878846942,
        "sdnn": 329.21451905643363,
        "sdsd": 227.28188436883212,
        "nni_50": 479,
        "pnni_50": 62.369791666666664,
        "nni_20": 609,
        "pnni_20": 79.296875,
        "rmssd": 227.2828430283117,
        "median_nni": 650.0,
        "range_nni": 1680.0,
        "cvsd": 0.29012721569732436,
        "cvnni": 0.4202432990908998,
        "mean_hr": 88.8567137139809,
        "max_hr": 200.0,
        "min_hr": 30.303030303030305,
        "std_hr": 31.863022403428065
    },
    "frequency_domain": {
        "lf": 58763.282201468304,
        "hf": 23700.997812867616,
        "lf_hf_ratio": 2.479358998529795,
        "lfnu": 71.25907385749643,
        "hfnu": 28.740926142503564,
        "total_power": 119596.90910941221,
        "vlf": 37132.6290950763
    },
    "poincare_plot": {
        "sd1": 160.81729454135908,
        "sd2": 436.9235595519147,
        "ratio_sd2_sd1": 2.71689410518933
    }
}